{
  "grasp_1": [
    -0.5166621492806391,
    -0.5792324457238963,
    -0.4310325255613533,
    -0.078140366592375,
    -0.5615296219559376,
    -0.5107229487761256
  ],
  "grasp_2": [
    -0.10117604886787701,
    -0.48833569828003165,
    -0.600706454123234,
    0.06451984668098998,
    -0.5385199101376528,
    -0.08120832816814616
  ],
  "grasp_3": [
    0.3417047394841881,
    -0.536813963583426,
    -0.5082947608886382,
    0.023102365408077308,
    -0.5492577756528525,
    0.5231801022587965
  ],
  "intermediate_1": [
    -0.5653638167282891,
    -0.4368275413951749,
    -0.44315209188720195,
    0.07372373140830346,
    -0.691917988926217,
    -0.693266662534517
  ],
  "intermediate_2": [
    -0.12857073680718,
    -0.3368411192069237,
    -0.677968689450519,
    0.19644219443915478,
    -0.5615296219559376,
    -0.2928976768963647
  ],
  "intermediate_3": [
    0.34018281237644876,
    -0.3322962818347305,
    -0.5158694898422936,
    0.06298586589310418,
    -0.7149277007445018,
    0.35904415795503297
  ],
  "release_1": [
    -1.7996467011046628,
    -0.5519634214907368,
    -0.5022349777257139,
    -0.16864523307762758,
    -0.4817626209858843,
    0.05378198116579025
  ],
  "release_2": [
    -1.5135244048497205,
    -0.7625408864023567,
    -0.09471456001905398,
    0.02156838462019195,
    -0.6643063347442757,
    -0.06433453950140411
  ],
  "release_3": [
    -1.1604373158542596,
    -0.6004416867941312,
    -0.4204279050262357,
    0.05838392352944721,
    -0.46335485153125644,
    0.016966442256534986
  ]
}