{
  "grasp_1": [
    0.13015687150845912,
    -0.5262093430483085,
    -0.5704075383086125,
    0.21638394468166844,
    -0.4418791205008574,
    -0.11955784786528723
  ],
  "grasp_2": [
    -0.052474381420227534,
    -0.5125748309317287,
    -0.5840420504251922,
    0.035374211711162395,
    -0.48329660177376965,
    -0.11648988628951606
  ],
  "grasp_3": [
    -0.2640222493959561,
    -0.5428737467463504,
    -0.5431385140754531,
    -0.05052871241043322,
    -0.4894325249253124,
    -0.27448990744173685
  ],
  "intermediate_1": [
    0.11493760043106871,
    -0.4413723787673681,
    -0.5431385140754531,
    0.13201500134795818,
    -0.606015064804621,
    -0.013713173501177955
  ],
  "intermediate_2": [
    -0.06617172538987903,
    -0.47015634879125867,
    -0.5446534598661842,
    0.018500423044420344,
    -0.5983451608651928,
    -0.08734425131968848
  ],
  "intermediate_3": [
    -0.2990265728739545,
    -0.498940318815149,
    -0.5295040019588734,
    0.04764605801424793,
    -0.5722674874711369,
    -0.3159073887146491
  ],
  "release_1": [
    0.18799010160254337,
    -0.3550204686956967,
    -0.8158287564070471,
    0.2762091954092081,
    -0.3927917352885171,
    -0.12109182865317258
  ],
  "release_2": [
    -0.08291292357500835,
    -0.3489606855327724,
    -0.8415828348494754,
    0.03384023092327704,
    -0.39739367765217404,
    -0.08427628974391732
  ],
  "release_3": [
    -0.3568598029680383,
    -0.3247215528810752,
    -0.8279483227328958,
    0.009296538317106862,
    -0.4004616392279452,
    -0.3343151581692769
  ]
}